dia_semana,eh_feriado,campanha_marketing_ativa,taxa_media_conversao,num_visitas_dia_anterior,lag_num_visitas,num_previsto_visitas
1,0,0,1.949292394042651,101,0,121
4,0,1,36.756082851198165,99,121,126
5,1,0,42.853935668653605,103,126,121
6,0,0,30.71623070431938,88,121,120
3,1,1,25.845021900464133,114,120,125
3,0,1,23.655267766221034,110,125,119
4,0,0,32.220958674933584,125,119,122
